year,prediction
1990,16434.74183773622
9888,6559651.905946704
2345,310539.8435417984
6543,3788436.229326737
2222,208638.63928940496
1234,-609884.8550306328
4321,1947586.8321818744
3323,1120778.6871096094
2000,24719.392589963274
2019,40460.22901919484
2312,283200.4960594489
1800,-140973.62245457876
1600,-306666.6374991208
